<?xml version="1.0" encoding="UTF-8"?>
<!DOCTYPE mapper PUBLIC "-//mybatis.org//DTD Mapper 3.0//EN" "http://mybatis.org/dtd/mybatis-3-mapper.dtd">

<mapper namespace="com.example.igonan.mindmapper.AbanDogmapper"> <!-- 해당 mapper를 사용하려는 파일 경로-->

    <select id="mindAbanDogInsert" > <!-- 해당 id를 호출하면 아래의 구문 실행-->
        insert into ad_dog(ad_num,ad_name,ad_age,ad_area,ad_sex,ad_size,ad_spec,ad_vac,ad_neut,ad_dead,ad_memo,ad_gallery) <!-- 테이블과 컬럼명 -->
        values (null,#{param1}, #{param2},#{param3}, #{param4},#{param5}, #{param6},#{param7},#{param8}, #{param9},#{param10}, #{param11})
        <!--데이터 순서에 맞춰 파라미터 순서 설정 -->
    </select>

    <select id="mindAbanDogImageInsert">
        insert into abandog_image(num,f_num,img_src)
        values (null,#{param1}, #{param2})
    </select>

    <select id="mindAbanDogImageDelete">

        delete from abandog_image where f_num = #{param1};
    </select>
    <select id="mindAbanDogDelete">

        delete from ad_dog where ad_num = #{param1};
    </select>

    <select id="mindAbanDogUpdate">
        update ad_dog set ad_name =#{param2},ad_age=#{param3},ad_area=#{param4},ad_sex=#{param5},ad_size=#{param6},ad_spec=#{param7},ad_vac=#{param8},ad_neut=#{param9},ad_dead=#{param10},ad_memo=#{param11},ad_gallery=#{param12} where ad_num = #{param1};
    </select>

    <select id="mindAbanDogAppInsert" > <!-- 해당 id를 호출하면 아래의 구문 실행-->
        insert into abandog_app(num,id,name,dognum,dogname,phone,addr,saddr,memo,date)
        values (null,#{param1}, #{param2},#{param3}, #{param4},#{param5}, #{param6},#{param7},#{param8}, #{param9})

        <!--Create table a phone char(11), addr varchar(150), saddr varchar(80), memo varchar(750),date date);
-->
    </select>


</mapper>
